id_pedido,id_produto,quantidade
1,83,2
1,289,4
2,193,2
2,124,4
2,299,5
3,49,1
3,48,4
3,123,5
3,31,1
4,138,1
4,82,3
5,228,5
5,300,3
5,125,4
5,11,4
5,235,5
6,140,4
6,120,4
6,20,1
6,65,2
7,277,2
7,294,3
8,90,4
8,266,2
9,68,2
9,7,4
9,64,5
9,261,2
9,188,1
10,90,3
10,102,1
10,148,1
10,142,3
10,132,1
11,282,3
11,287,4
11,221,3
12,186,4
13,237,5
13,52,1
13,174,3
13,29,3
13,41,2
14,124,5
14,71,3
14,243,3
14,41,5
14,160,2
15,265,5
16,289,3
16,178,2
16,283,1
16,5,5
16,250,2
16,294,5
17,55,2
17,131,5
17,206,5
18,254,1
18,69,4
18,121,4
18,224,3
18,52,4
19,12,4
19,143,5
20,202,3
20,122,3
20,249,1
21,152,3
21,269,5
21,203,5
21,207,2
22,22,3
22,104,1
23,115,2
24,243,2
24,107,2
24,64,2
24,165,1
24,133,1
24,269,5
25,252,3
25,178,2
25,155,2
25,165,2
25,208,1
26,194,1
26,132,2
26,75,5
26,93,3
27,104,2
28,22,1
29,193,5
30,247,1
30,36,5
30,167,5
31,6,1
31,101,2
31,94,5
31,286,3
31,248,4
31,175,3
32,79,3
32,165,4
32,221,4
32,267,2
32,54,4
32,120,4
33,69,2
33,12,5
33,129,5
33,78,2
33,222,3
34,97,1
34,152,4
35,52,5
35,270,3
35,205,2
35,134,1
36,187,2
37,117,3
37,194,4
38,166,3
38,229,5
39,105,2
39,56,4
39,53,3
39,127,3
39,110,3
39,188,4
40,64,2
40,120,1
40,6,5
41,130,2
41,208,1
41,267,4
42,124,5
43,13,3
43,83,4
44,25,5
45,276,5
45,263,1
46,208,4
46,274,4
46,270,1
46,296,1
46,177,4
46,124,3
47,42,4
47,283,2
47,190,2
47,261,3
47,4,5
48,226,3
48,145,5
48,71,1
48,89,1
49,99,2
49,250,3
49,183,4
49,68,1
50,269,4
50,133,3
50,58,4
50,292,2
50,109,4
51,193,1
51,104,1
51,76,3
51,265,2
52,53,5
52,121,1
52,157,3
53,75,4
54,286,2
54,205,5
54,55,5
54,168,2
54,5,1
55,174,3
55,34,5
55,151,2
55,97,3
55,59,5
56,72,4
56,266,4
56,67,1
56,218,3
57,237,3
58,77,2
59,162,4
60,187,1
60,23,4
60,184,5
60,24,3
61,50,4
61,265,2
61,266,2
61,250,3
61,142,1
62,183,4
62,233,3
62,40,5
62,208,1
62,242,3
62,166,5
63,197,5
63,10,3
63,257,5
63,190,3
64,117,5
64,218,3
64,126,3
64,162,1
64,145,2
64,76,3
65,196,1
65,226,1
66,171,4
66,119,4
66,179,3
67,51,1
68,143,4
68,287,4
68,280,4
68,166,3
68,82,5
69,33,3
69,269,3
69,144,2
69,58,4
69,254,1
70,283,4
71,171,4
71,275,1
71,94,4
71,56,5
71,32,1
71,221,4
72,148,3
72,253,2
72,33,1
72,256,1
72,266,3
72,35,4
73,97,1
73,142,2
73,79,1
73,93,1
74,23,5
74,38,3
74,24,5
74,229,3
74,60,4
74,252,1
75,231,3
75,145,3
75,31,5
75,151,5
75,117,2
75,183,1
76,37,3
77,170,4
77,263,3
77,150,3
77,109,3
78,7,4
78,213,4
78,92,4
79,163,3
80,20,1
80,196,3
80,44,3
81,82,1
81,39,2
82,116,4
82,77,2
82,300,4
83,153,1
84,76,4
84,160,1
84,172,2
85,88,2
85,163,4
86,13,3
86,289,4
87,208,5
87,21,3
87,283,2
88,215,1
88,294,5
88,155,5
89,27,3
89,246,3
89,133,1
89,280,3
90,244,5
90,54,2
90,163,5
90,26,1
90,249,3
91,20,3
92,233,5
92,50,5
92,76,4
92,2,3
92,20,2
92,75,1
93,176,2
93,254,5
93,131,3
93,205,3
94,223,5
95,245,3
95,287,1
95,107,2
95,22,2
96,64,5
96,132,3
96,171,4
96,80,1
96,51,3
97,264,4
97,84,4
97,155,1
97,69,2
97,269,4
98,104,1
99,205,5
100,130,3
100,197,2
101,272,5
101,245,4
101,206,4
101,269,5
101,122,3
101,237,2
102,224,4
102,31,3
103,64,1
103,100,4
104,251,3
104,193,1
104,41,3
105,220,5
106,47,2
107,9,3
107,236,3
107,131,4
107,129,4
107,253,1
108,267,3
108,251,5
108,130,4
108,76,4
108,138,5
108,49,1
109,1,1
109,91,4
109,167,4
109,293,4
109,202,5
109,77,4
110,256,5
110,210,1
110,78,4
110,29,2
111,283,2
111,128,4
111,191,3
111,71,4
112,153,1
112,214,3
113,202,3
113,126,5
113,230,2
114,160,5
114,271,2
114,222,1
115,238,3
115,130,4
115,17,1
116,284,1
116,184,3
116,172,5
116,37,3
116,225,1
116,250,1
117,261,3
118,224,3
119,151,1
119,67,5
119,109,3
119,202,4
119,16,5
119,260,2
120,1,1
120,73,1
121,279,5
121,102,1
121,230,2
121,219,2
121,7,4
121,249,4
122,8,2
122,31,2
122,56,1
122,103,4
122,52,5
123,74,2
124,4,1
125,69,1
126,18,1
127,61,2
128,82,4
128,228,3
128,206,2
129,47,5
129,69,3
129,147,4
129,223,2
130,112,1
131,30,5
131,118,1
131,159,3
131,180,3
132,125,2
132,62,3
132,184,3
133,227,2
133,121,4
133,183,1
133,51,4
133,262,4
134,282,3
134,208,3
135,248,2
135,164,3
135,186,3
135,147,4
135,156,1
136,298,2
137,77,5
138,165,2
138,84,1
138,136,1
139,75,1
139,293,2
139,109,4
139,288,2
140,242,3
140,237,4
141,200,2
141,95,5
141,144,3
141,59,5
141,220,4
142,95,4
143,127,2
143,229,5
143,69,5
143,44,1
143,157,2
144,113,1
144,76,1
145,203,1
145,212,1
145,164,3
145,205,4
145,266,1
146,71,3
146,181,1
146,146,4
146,78,3
147,22,1
147,29,3
147,144,2
147,169,1
147,57,2
148,145,1
148,76,3
148,228,4
148,148,2
148,166,3
148,20,4
149,239,5
150,265,1
150,32,5
150,79,3
151,88,2
151,171,5
151,10,3
151,52,4
151,240,1
152,71,2
152,121,5
152,282,3
152,180,5
152,75,1
152,240,4
153,296,5
153,197,5
153,192,2
153,28,2
153,147,5
153,263,2
154,229,4
155,69,2
155,186,3
155,298,4
155,78,5
155,105,2
156,2,4
156,98,5
156,286,1
156,148,5
156,78,2
157,121,4
158,21,1
158,259,3
158,263,2
158,78,2
159,46,3
159,71,5
159,55,5
159,108,1
160,193,3
160,89,5
160,103,5
160,180,2
160,22,4
160,41,1
161,148,3
161,46,4
161,100,5
161,184,5
162,258,3
163,20,2
164,150,5
164,250,5
164,100,1
165,62,5
166,147,3
166,121,4
166,206,5
166,79,3
166,274,2
166,73,1
167,145,4
168,253,2
168,247,1
168,201,5
168,69,2
168,237,4
168,66,3
169,14,5
169,238,5
169,41,1
169,239,1
170,166,3
170,155,1
171,180,1
171,37,4
171,22,4
171,103,4
171,272,1
171,109,4
172,271,5
172,179,3
172,135,1
172,190,5
173,270,2
173,247,4
173,203,5
173,14,3
173,144,3
174,143,2
174,18,4
174,57,5
175,156,3
176,54,1
176,294,1
176,37,1
176,300,3
176,159,1
177,106,4
177,150,4
177,88,1
177,133,4
177,298,4
177,173,2
178,161,3
178,145,4
178,95,5
179,201,1
180,93,1
180,131,4
180,39,5
180,18,5
180,247,1
181,46,5
182,227,2
182,283,5
182,240,4
182,147,5
182,160,1
182,188,4
183,2,3
184,3,4
184,46,1
184,103,5
184,249,2
184,92,1
184,157,3
185,254,4
185,225,5
185,10,1
185,272,1
186,123,5
186,122,5
186,63,2
187,298,3
187,120,2
187,274,2
188,296,3
188,253,4
188,281,2
188,125,3
188,227,5
188,232,5
189,115,4
190,53,4
190,135,4
190,76,5
190,55,3
190,283,2
190,56,1
191,124,3
191,93,5
191,144,2
192,186,1
193,100,2
193,64,1
193,144,2
193,18,5
194,116,3
194,174,2
194,72,1
194,215,4
194,213,4
195,195,2
195,266,2
195,208,3
195,141,4
195,212,1
195,206,2
196,287,4
196,218,1
197,154,2
197,267,5
197,177,4
197,72,4
198,235,3
198,91,4
198,58,5
198,280,3
199,56,5
199,10,2
199,288,3
199,151,3
199,69,4
199,181,2
200,188,4
200,288,1
200,130,4
200,256,4
200,200,3
201,211,4
201,166,3
201,223,1
201,7,4
201,66,2
202,9,1
202,85,3
203,87,1
203,106,4
204,129,2
204,147,5
204,17,5
204,204,4
204,2,4
204,143,5
205,208,3
205,33,3
205,72,5
205,133,5
205,136,3
206,210,2
207,37,2
208,112,3
208,17,4
208,191,3
208,297,3
208,265,5
209,266,4
209,264,1
210,61,3
210,191,5
210,208,5
210,41,1
210,220,2
210,154,4
211,116,2
211,217,5
211,50,2
212,97,4
212,37,5
212,181,2
212,246,4
212,231,4
213,118,5
213,286,2
213,17,1
213,170,1
213,129,4
214,29,3
214,59,1
215,210,2
215,129,3
216,300,1
216,186,4
217,193,1
217,276,1
217,240,3
218,211,3
218,171,3
218,141,1
218,54,5
218,189,2
218,262,1
219,295,2
219,57,5
219,277,2
219,35,1
219,288,4
220,97,5
221,210,4
222,15,1
222,119,4
222,127,1
222,206,3
222,168,4
222,120,2
223,148,2
223,192,2
224,159,5
224,137,3
224,118,4
224,66,1
225,178,4
225,117,3
225,63,3
226,178,1
226,181,4
226,199,3
227,106,1
228,108,5
228,33,4
228,245,4
228,90,5
229,92,5
229,163,1
229,288,5
230,158,3
230,22,4
231,135,4
231,221,3
231,30,5
231,256,5
231,141,2
232,119,4
233,55,2
233,296,5
234,111,2
234,269,4
234,135,1
235,112,5
235,214,3
235,178,5
235,31,1
235,190,1
235,45,2
236,83,5
236,18,4
237,3,4
237,201,2
237,126,3
237,180,3
237,12,3
238,261,3
238,118,2
238,82,2
238,81,1
239,188,2
239,154,4
239,196,1
239,64,4
239,148,5
239,68,1
240,39,3
240,94,3
240,149,3
240,165,4
241,21,5
242,280,1
243,219,1
243,183,4
244,219,3
244,55,2
244,166,1
245,83,3
245,299,5
245,226,2
245,67,5
245,194,2
246,174,2
246,122,4
247,281,5
247,270,4
247,47,2
247,1,5
247,139,4
248,143,1
249,228,1
249,163,1
249,117,3
249,194,2
250,34,2
250,179,2
250,121,5
250,255,5
250,205,2
250,79,1
251,82,2
251,14,4
251,286,3
251,84,5
251,226,4
251,87,5
252,211,1
252,148,4
252,163,2
252,32,3
252,229,4
253,131,4
253,191,2
253,6,3
254,239,1
254,192,3
255,216,5
256,25,1
257,133,4
258,182,2
258,7,5
258,244,3
258,249,4
259,55,1
260,162,3
260,21,4
260,135,3
260,112,2
260,166,1
261,133,2
261,36,2
261,219,3
261,277,2
261,271,1
262,182,3
262,201,3
262,69,3
262,76,3
263,172,1
263,106,3
263,278,5
264,70,5
264,159,3
264,292,5
264,298,3
264,2,1
264,77,3
265,215,1
265,293,2
265,217,1
265,283,1
265,206,5
266,226,4
266,170,3
267,232,5
267,235,5
268,84,4
268,142,2
268,62,3
268,96,3
268,112,2
269,159,1
269,211,4
269,240,3
269,216,3
270,257,3
270,292,4
271,23,2
271,77,5
271,225,5
272,202,4
272,29,2
272,111,2
272,53,4
272,31,2
273,275,1
273,225,3
273,80,2
273,132,2
273,187,3
274,119,3
274,278,4
274,8,1
274,131,1
275,82,2
275,296,2
275,81,3
275,209,2
276,281,3
276,114,3
277,37,1
277,17,2
277,82,1
277,3,3
277,34,2
277,85,4
278,150,5
279,159,2
279,221,1
280,258,2
280,71,5
280,233,4
280,244,4
280,93,3
280,206,4
281,152,3
281,252,4
281,269,2
281,87,2
281,60,1
282,53,4
282,59,4
282,282,3
283,136,5
284,220,3
284,241,2
284,188,1
284,128,4
284,101,5
284,93,2
285,135,1
285,41,2
285,106,2
285,90,3
286,176,3
287,223,5
287,300,3
288,102,3
288,204,3
288,24,2
289,202,3
290,9,3
290,102,4
290,28,1
290,80,5
290,139,5
291,241,4
291,74,1
291,142,2
292,46,2
293,57,3
293,195,5
293,210,3
293,17,2
294,127,1
294,229,3
294,66,2
295,16,5
295,108,4
295,150,5
296,159,3
296,117,4
296,89,4
296,141,1
297,117,5
297,47,3
297,150,5
297,49,5
297,80,5
298,247,5
299,290,1
299,231,2
299,87,2
300,152,1
300,268,5
300,128,5
301,137,2
301,247,1
301,49,4
301,51,1
302,31,5
302,42,3
302,299,5
302,170,4
303,143,5
303,134,2
303,30,2
303,262,5
303,112,2
304,97,5
304,199,1
304,146,3
304,300,4
305,105,2
305,262,2
305,281,4
306,27,4
306,173,5
306,21,5
306,65,2
307,69,5
307,272,2
307,64,2
308,110,1
308,106,4
308,243,3
308,241,4
309,245,3
309,200,4
309,133,3
309,112,1
309,205,1
309,263,4
310,75,5
310,122,3
310,299,2
311,95,5
312,29,2
312,178,5
312,266,2
312,14,2
312,67,4
313,262,5
313,5,5
313,115,4
313,201,4
314,36,1
314,16,2
314,250,2
314,121,4
314,156,4
314,80,4
315,146,2
315,12,5
315,57,3
316,167,4
316,215,5
316,35,2
317,58,3
318,292,2
318,14,1
318,56,3
319,287,4
319,278,5
319,285,4
320,268,5
320,226,4
320,255,3
320,265,4
320,287,3
321,1,3
321,288,2
321,128,1
321,13,2
321,155,3
321,247,3
322,235,3
322,102,3
322,161,5
323,123,4
323,46,4
323,246,1
323,231,3
323,185,4
324,84,5
324,180,2
324,152,4
324,139,3
324,17,3
325,172,4
325,87,5
325,285,2
326,173,5
326,100,4
327,123,3
327,63,5
327,125,3
327,249,5
327,134,3
328,295,2
328,207,3
329,254,3
329,70,3
330,87,1
330,29,5
331,139,3
331,45,4
332,284,1
332,116,3
333,25,4
333,73,1
333,91,3
333,287,3
334,164,1
334,112,3
335,158,4
335,190,5
336,238,4
336,291,4
336,19,2
336,4,5
337,286,3
337,298,2
337,117,2
337,161,2
337,279,1
337,134,4
338,99,2
338,219,4
338,64,4
338,93,2
339,22,4
340,237,4
340,43,1
340,278,2
340,63,2
340,54,5
341,204,3
341,299,4
341,222,1
341,176,1
341,87,2
342,30,5
342,203,4
343,144,4
343,62,5
343,32,3
343,211,3
343,9,5
343,116,5
344,72,3
344,17,1
344,5,3
344,157,3
344,1,4
344,145,1
345,168,1
346,38,3
346,254,4
346,219,4
346,119,5
346,281,5
347,32,3
347,123,4
347,169,1
347,103,1
348,226,1
348,159,2
349,290,5
349,264,1
349,132,4
350,11,1
350,259,3
350,280,5
351,202,3
351,25,5
351,16,3
351,262,2
351,140,1
351,48,4
352,237,3
352,192,1
352,170,5
352,76,5
353,187,2
353,121,5
353,85,2
353,58,2
353,212,5
354,76,1
354,220,4
354,39,2
354,157,4
355,248,3
355,17,4
355,82,1
355,107,5
356,220,5
356,269,2
356,115,4
356,244,3
356,137,2
357,95,4
357,186,4
357,238,2
358,72,1
358,256,1
358,59,2
358,127,5
358,43,5
358,109,3
359,299,3
359,285,2
359,265,5
359,19,1
359,77,3
359,238,4
360,278,2
360,82,4
360,59,3
360,251,1
360,77,4
361,278,4
361,258,3
361,224,4
361,88,3
362,185,2
362,293,3
363,17,4
363,114,5
364,278,4
364,129,5
364,233,3
364,277,5
364,104,5
364,300,3
365,173,5
366,220,3
366,56,1
367,72,2
367,177,4
367,171,1
367,211,3
367,118,3
367,244,3
368,9,1
368,101,2
369,106,1
369,222,3
369,257,3
369,79,4
369,181,1
369,129,3
370,271,3
370,2,4
370,114,4
370,80,4
370,118,4
371,180,5
371,5,1
371,45,2
371,293,5
371,61,5
371,230,3
372,26,4
372,121,3
372,193,3
372,229,1
372,94,2
372,135,1
373,259,1
373,3,2
373,162,1
373,39,3
374,168,4
374,138,3
374,242,3
374,272,1
374,106,1
374,69,4
375,263,1
375,91,3
375,293,4
376,55,3
376,135,3
376,219,3
377,24,2
377,75,1
377,288,2
377,1,5
377,171,3
378,198,2
379,230,1
380,141,3
380,34,2
380,3,3
380,160,4
380,254,2
381,285,2
382,266,1
382,98,4
383,151,3
383,165,2
384,106,3
384,116,4
384,293,3
385,191,1
386,47,3
386,122,1
386,4,2
386,266,3
386,217,3
387,120,5
387,175,4
387,154,3
387,165,1
388,214,2
388,201,5
389,159,3
389,112,2
389,157,2
390,290,4
390,172,5
390,84,4
390,201,3
390,280,5
391,199,5
391,234,5
391,145,5
391,42,2
392,143,4
393,233,5
394,218,3
394,114,3
394,158,2
394,24,4
394,250,2
395,209,1
395,194,5
395,55,1
396,201,1
396,19,2
396,137,2
396,126,2
397,91,1
398,30,4
398,63,3
398,202,1
398,159,5
398,279,5
398,53,3
399,19,3
399,243,3
399,112,2
399,96,1
399,291,1
400,150,5
401,285,3
401,257,5
401,289,5
401,32,3
402,2,5
402,25,4
402,97,3
402,206,4
403,236,5
403,269,3
404,267,2
404,84,2
405,112,3
405,171,4
405,74,5
405,33,2
405,196,3
406,41,3
406,253,2
406,59,1
406,138,4
406,2,1
407,152,2
407,190,4
408,270,3
408,275,2
408,15,1
409,28,4
410,94,5
410,206,4
410,112,2
411,4,1
411,287,2
411,166,4
412,60,3
412,254,1
412,291,2
413,294,4
413,222,3
413,140,1
413,255,5
414,229,5
414,21,4
414,126,2
414,81,4
415,18,3
415,272,2
415,34,3
415,7,3
416,162,1
416,183,1
416,4,3
416,212,2
416,198,1
416,251,4
417,145,3
417,54,2
418,57,4
418,289,2
419,258,1
419,281,3
419,248,5
419,266,2
419,221,5
420,79,3
420,182,3
420,160,1
420,273,1
420,129,1
421,172,2
422,224,5
422,46,1
422,176,2
422,234,4
423,259,5
423,268,3
423,36,1
423,3,5
424,168,1
424,131,3
424,237,1
425,278,2
425,212,2
425,256,3
425,194,2
426,62,2
426,178,1
426,109,3
426,130,1
426,283,5
427,76,1
427,58,5
428,44,2
428,296,2
428,189,4
428,274,3
428,127,4
429,155,2
429,274,4
430,272,1
431,170,2
431,279,4
431,107,5
431,4,4
431,287,2
432,33,5
432,159,2
432,95,5
433,260,2
433,155,1
433,191,1
433,62,3
434,275,1
434,222,5
434,287,4
434,226,4
434,144,4
434,86,3
435,71,2
435,254,3
436,42,4
436,232,4
436,167,5
436,9,4
436,44,3
437,145,5
437,87,3
438,60,2
438,81,2
438,128,5
438,59,3
439,282,4
439,33,1
440,277,3
440,70,3
441,32,5
441,28,2
441,158,3
441,133,1
441,176,3
441,182,4
442,21,5
443,58,5
443,74,5
443,252,4
443,45,3
444,43,2
444,271,5
444,219,3
444,51,3
444,57,4
444,116,2
445,161,2
446,123,4
446,35,2
446,133,1
446,182,5
446,40,4
446,60,4
447,79,5
447,78,3
447,204,3
447,160,3
447,248,5
448,246,5
448,94,4
448,114,1
448,216,3
449,38,3
449,291,2
449,92,4
449,244,3
449,278,3
450,12,2
450,195,3
450,51,4
450,267,1
450,40,1
451,155,1
452,131,1
452,239,2
453,186,3
453,52,4
453,34,4
453,24,5
453,61,4
453,273,5
454,123,2
454,165,1
454,111,4
454,105,2
455,85,5
455,184,1
455,235,5
455,187,5
455,176,2
456,212,3
456,103,4
456,168,1
456,265,5
456,36,5
456,179,4
457,2,5
457,1,1
457,93,3
457,5,5
457,10,3
457,135,2
458,69,1
458,221,3
458,128,5
458,73,4
459,100,3
460,175,2
460,159,2
461,172,4
461,298,2
461,33,3
461,9,2
461,256,5
461,81,5
462,300,3
462,110,4
462,187,1
462,215,1
463,179,5
463,4,2
463,97,2
463,56,4
463,197,4
463,274,2
464,85,3
464,63,4
464,52,2
464,171,5
465,232,2
465,57,3
465,258,4
465,35,4
465,236,2
465,233,4
466,186,1
466,247,5
466,98,5
466,285,5
466,110,3
467,101,2
467,269,4
467,13,5
468,283,2
468,211,2
468,86,5
468,101,3
469,269,4
470,149,3
470,9,4
470,43,1
470,300,1
471,49,1
471,294,3
472,186,4
472,54,1
472,173,3
472,174,3
473,7,4
473,268,5
473,241,1
474,115,1
474,262,4
474,93,2
474,139,1
474,191,5
474,197,1
475,156,1
475,220,2
475,234,4
475,35,3
475,77,1
476,47,5
476,127,5
476,3,4
476,119,3
476,63,3
477,237,4
477,86,2
477,44,1
477,134,1
477,201,2
478,192,4
478,300,4
478,203,4
478,191,5
478,74,5
478,16,3
479,279,2
479,236,1
480,224,3
480,285,4
480,283,1
480,19,4
481,100,2
481,172,3
482,99,5
482,239,5
483,49,1
483,46,4
483,94,3
483,36,5
483,286,1
483,202,1
484,49,2
484,136,2
484,66,2
484,68,5
484,249,2
484,67,4
485,100,3
485,284,4
486,137,5
486,134,2
487,228,2
487,87,1
488,137,3
488,106,4
488,156,3
489,68,1
489,275,5
489,96,1
490,13,2
490,216,5
490,3,5
490,81,5
490,62,1
490,106,1
491,274,2
492,208,5
492,37,1
492,300,1
492,126,2
492,63,5
493,170,5
493,211,3
493,293,5
493,21,3
494,158,4
494,179,1
494,274,5
494,66,4
495,111,3
496,156,5
496,213,4
496,32,5
496,9,3
496,257,3
496,128,2
497,241,4
497,156,1
497,217,2
498,115,3
498,84,4
499,212,1
499,135,3
499,128,1
499,2,2
499,294,2
499,93,4
500,121,1
500,258,4
500,157,2
501,286,4
501,133,1
502,161,2
502,232,3
502,24,1
502,124,2
503,296,1
503,173,5
503,280,3
503,191,1
504,15,1
504,89,2
504,70,2
504,254,5
505,299,5
505,120,1
506,157,2
506,202,3
506,54,4
506,282,2
506,300,3
506,259,3
507,27,3
507,278,2
508,106,1
508,28,3
508,95,4
508,136,2
508,52,4
508,116,3
509,185,2
509,72,5
510,72,3
510,279,3
511,239,1
511,127,3
511,225,2
512,119,5
512,286,2
513,184,2
513,104,1
513,56,2
513,7,1
513,273,5
513,280,5
514,66,2
514,7,3
514,297,5
514,155,1
515,151,4
515,117,4
515,177,5
515,59,4
515,30,2
516,115,3
516,220,3
516,290,1
517,34,4
518,132,3
518,93,1
518,256,3
519,152,5
519,87,5
519,284,2
519,208,3
520,94,2
520,225,4
521,249,1
521,127,1
521,147,3
521,247,1
522,176,5
522,175,2
522,248,1
522,222,4
523,223,5
523,135,4
524,7,4
524,159,2
524,256,3
524,22,1
524,113,5
525,197,1
525,96,2
525,248,2
525,19,5
525,78,3
525,99,3
526,205,5
526,57,1
526,138,1
526,67,1
526,39,1
526,71,1
527,236,3
527,29,3
527,212,5
527,96,2
528,240,2
529,168,2
529,293,2
530,3,3
530,233,2
531,209,2
531,295,1
532,67,5
532,169,3
532,133,3
533,30,4
533,172,3
534,174,4
535,2,1
535,31,5
536,2,5
536,280,5
536,266,2
536,206,3
537,148,5
537,83,5
537,57,2
537,164,5
537,118,3
538,236,1
538,247,1
538,19,2
538,136,4
539,187,3
540,41,4
540,104,5
540,292,2
541,238,2
541,214,5
541,275,3
541,188,3
542,191,3
542,290,4
543,210,3
544,224,4
544,154,2
544,244,4
545,80,5
546,284,4
546,272,4
546,103,5
546,72,4
546,144,1
546,10,5
547,253,2
547,75,2
547,98,3
547,241,3
547,263,1
547,113,1
548,104,3
548,79,1
548,72,2
549,216,2
549,32,1
549,218,5
549,147,4
549,205,5
549,144,1
550,177,3
550,257,2
550,266,3
550,209,4
551,35,2
551,187,2
551,226,1
552,30,5
552,122,4
552,7,1
552,256,4
553,30,2
553,64,5
553,107,5
553,194,1
554,11,2
555,4,4
555,214,5
555,200,2
555,213,5
555,169,2
556,159,1
556,59,4
556,36,5
556,242,5
556,148,3
557,77,2
557,286,4
557,205,4
557,17,4
557,177,4
557,53,5
558,132,3
558,70,4
558,251,3
558,199,3
558,17,5
558,266,4
559,49,1
559,28,1
559,126,4
559,237,2
560,3,5
560,226,4
561,238,3
561,111,2
561,288,3
561,124,1
561,54,5
562,151,2
562,170,1
563,291,4
563,203,3
564,9,2
564,227,1
564,231,4
564,8,4
564,78,4
564,25,2
565,249,2
565,148,4
565,108,3
565,13,5
565,212,4
566,241,1
566,159,3
566,83,4
566,233,4
566,191,3
566,215,2
567,131,5
567,296,3
567,134,3
567,266,2
568,31,1
568,22,5
568,59,2
568,299,2
568,294,1
568,174,3
569,201,3
569,246,3
569,238,2
569,207,4
569,29,3
570,127,3
570,110,4
570,143,3
570,126,4
570,251,4
570,77,5
571,282,4
572,195,1
572,85,4
572,17,5
572,18,5
573,156,2
573,136,2
573,24,2
573,62,2
573,35,3
573,71,2
574,28,5
575,56,3
575,74,1
575,6,3
575,156,5
575,297,3
575,240,4
576,172,5
577,275,5
577,250,1
578,120,4
578,206,1
578,192,5
578,252,1
579,120,5
580,46,1
580,145,1
580,23,5
580,62,2
580,111,5
580,271,4
581,211,1
581,48,3
581,144,4
581,186,3
582,174,3
582,220,1
583,165,4
584,203,5
585,21,3
585,103,5
585,235,5
585,116,5
585,232,5
586,132,5
586,200,3
586,178,1
586,31,5
586,136,1
586,83,2
587,212,5
588,100,2
588,94,3
588,80,2
588,122,2
589,193,1
589,142,3
589,276,3
589,166,5
590,179,5
590,289,4
590,137,4
590,33,5
590,271,5
590,138,4
591,190,4
591,162,3
591,96,1
591,235,1
591,222,1
591,107,2
592,192,3
592,62,5
593,227,2
593,26,1
593,42,1
593,27,4
593,50,2
594,68,4
594,233,4
594,55,5
594,84,3
594,154,2
595,176,4
595,286,5
595,4,5
595,110,1
596,79,2
596,178,4
596,1,3
596,197,3
597,270,4
597,284,3
597,80,5
598,293,5
598,290,1
598,39,4
598,141,3
598,219,4
598,46,4
599,30,3
599,190,1
599,137,4
600,238,5
601,39,5
601,52,5
601,116,2
601,237,5
602,125,4
602,212,2
602,160,2
603,100,1
603,80,1
603,195,5
604,54,2
604,256,1
604,59,4
604,47,2
605,21,2
605,223,4
605,282,5
605,13,5
606,144,2
606,257,4
606,210,5
606,249,1
606,242,1
607,48,2
608,191,4
608,162,4
608,158,3
608,51,2
608,110,3
609,107,1
609,282,5
609,36,4
609,124,5
610,106,1
610,208,2
610,72,4
610,93,5
610,159,2
611,82,3
611,146,2
611,185,3
612,17,3
612,283,3
612,170,3
612,78,3
612,164,5
613,121,5
614,38,1
614,171,5
614,148,4
614,158,2
614,82,5
614,75,4
615,31,5
615,29,3
616,9,1
616,165,2
617,173,4
617,73,4
617,63,4
617,31,5
617,283,1
617,182,1
618,192,4
619,278,2
620,16,4
620,140,3
620,105,1
620,273,1
620,155,2
621,127,3
622,152,5
623,54,1
623,222,4
623,61,5
623,14,3
623,130,5
623,147,3
624,34,1
624,251,2
624,12,5
624,80,5
624,10,1
625,37,3
626,279,4
626,13,2
626,99,3
626,199,5
627,158,2
627,114,5
627,62,4
627,275,2
627,80,1
628,58,3
629,77,4
630,69,1
630,163,1
631,212,2
631,56,1
631,156,1
631,288,1
631,182,1
632,265,5
632,248,3
632,189,2
632,155,4
632,112,1
632,62,1
633,121,4
633,59,4
633,23,3
633,89,3
634,180,3
634,207,1
634,286,1
634,91,2
634,65,4
635,282,2
635,151,3
636,230,4
636,237,3
636,149,1
636,43,2
636,28,2
637,14,3
637,233,2
637,281,4
637,239,5
638,230,4
638,251,3
638,241,3
638,32,4
638,153,5
638,291,4
639,126,3
639,171,3
639,160,1
639,2,5
639,197,4
640,240,5
641,18,5
641,182,3
642,27,5
642,157,3
643,222,5
643,165,5
643,153,3
644,15,1
644,140,1
644,78,3
645,227,1
645,139,5
645,148,1
646,27,1
646,188,5
646,207,4
646,53,5
646,287,4
647,248,3
648,46,4
648,60,1
648,224,4
648,151,5
648,98,5
648,279,5
649,203,4
649,233,2
649,143,5
650,239,5
651,98,3
651,106,3
651,64,1
651,165,4
651,69,5
651,203,1
652,38,4
652,241,4
652,219,4
652,14,4
652,3,3
652,117,5
653,179,5
653,55,3
654,93,4
655,42,1
655,126,1
655,300,4
656,290,5
656,198,4
656,148,2
656,158,1
656,186,1
656,197,1
657,31,4
657,87,2
658,4,5
659,259,2
659,291,3
659,229,2
659,271,5
660,183,2
661,5,2
662,179,1
662,176,5
662,27,3
662,190,2
663,32,5
663,129,1
663,155,4
663,115,4
664,231,2
664,90,3
665,66,4
665,282,2
666,164,3
666,206,4
666,75,1
666,261,4
666,253,3
667,176,4
667,259,4
668,240,2
668,208,5
668,264,1
668,273,2
668,89,1
668,27,4
669,224,3
669,75,5
669,32,3
670,122,4
670,285,2
670,88,3
670,90,1
670,262,3
670,132,1
671,231,2
672,98,2
672,115,3
672,110,3
672,172,3
672,116,2
673,26,3
673,84,3
674,163,5
674,87,4
675,72,5
675,104,2
676,232,1
676,63,1
676,170,1
676,194,2
676,189,1
676,118,2
677,40,3
677,300,4
677,227,5
678,3,2
678,263,4
678,116,2
678,28,3
678,180,2
679,1,5
679,223,2
679,196,5
680,91,5
680,246,4
680,57,3
680,149,5
681,230,3
682,180,2
682,258,2
683,264,3
683,133,2
683,42,3
683,65,3
684,151,3
684,144,2
685,60,4
685,91,5
685,16,2
685,209,3
685,100,5
686,274,3
686,223,1
686,229,5
687,262,2
687,290,4
687,222,3
687,237,3
687,100,3
687,297,1
688,247,4
688,135,1
688,19,4
688,205,4
689,160,3
689,81,2
689,233,2
690,96,5
690,255,2
690,41,3
690,148,4
691,86,5
691,285,4
691,95,5
691,222,5
691,151,3
691,119,2
692,209,5
692,5,5
692,119,4
692,262,3
693,36,3
694,285,5
694,282,3
694,203,3
694,220,1
694,11,3
695,30,3
695,126,3
695,182,4
695,187,4
695,119,2
696,64,1
696,275,4
696,174,5
696,59,5
697,227,5
698,205,4
698,94,2
698,21,4
698,99,5
698,227,1
699,286,5
699,223,3
699,130,1
699,145,1
700,125,3
701,105,4
701,110,2
701,290,1
701,239,5
701,294,3
701,287,5
702,287,3
702,163,5
702,117,5
703,290,4
703,225,1
703,58,4
703,22,1
703,104,3
704,227,2
704,295,1
704,68,2
705,186,5
705,47,4
706,3,3
706,229,1
706,259,1
707,255,5
708,109,2
708,74,2
708,141,5
708,23,1
709,28,2
709,116,5
709,229,5
709,4,1
710,100,4
710,84,5
710,152,4
710,89,2
710,252,3
710,137,1
711,57,2
711,288,4
712,79,5
712,62,3
712,251,2
712,195,1
713,189,3
713,55,5
713,54,2
713,299,2
713,102,4
713,2,4
714,13,4
714,244,5
714,50,5
714,263,2
714,262,2
714,250,3
715,287,5
715,209,5
715,47,4
715,40,5
715,226,1
716,52,3
716,110,5
716,114,4
716,25,2
717,52,1
717,34,5
717,17,4
717,51,5
718,53,4
718,52,1
718,290,4
718,186,4
719,228,5
719,177,1
719,161,3
720,104,4
720,27,5
720,159,3
720,85,4
721,12,5
721,109,3
721,256,4
721,197,4
721,113,2
722,89,3
723,127,1
723,211,1
724,191,2
724,275,2
725,237,5
725,255,5
726,111,3
726,18,1
727,72,3
727,164,4
728,164,4
728,181,5
728,130,3
728,11,2
728,83,3
728,284,1
729,298,1
729,184,1
729,50,1
729,249,5
730,134,1
731,194,5
731,198,5
732,159,4
732,193,1
733,150,4
733,43,1
733,230,2
733,223,3
734,294,3
734,82,3
734,34,5
734,99,5
734,148,2
734,256,4
735,209,2
736,249,4
736,235,5
737,261,5
738,211,1
738,112,4
738,22,4
738,169,3
738,188,3
738,79,1
739,271,4
739,261,4
739,216,5
739,80,2
739,94,2
739,203,1
740,8,1
740,112,3
740,297,5
740,281,5
741,187,5
741,231,5
742,6,3
742,178,1
742,86,1
743,265,5
743,132,5
743,85,4
744,260,5
744,190,2
744,163,4
744,70,3
744,119,3
745,198,1
746,275,2
746,117,4
746,216,4
747,18,2
747,80,1
747,261,1
747,271,2
747,108,3
748,141,5
749,52,3
749,82,5
750,6,2
750,74,4
750,114,5
750,30,3
750,76,2
751,221,5
751,107,3
751,264,5
751,227,4
751,117,1
752,242,4
752,276,1
752,97,4
752,280,1
752,147,5
752,27,2
753,281,3
753,200,1
754,85,5
754,12,2
754,83,5
755,185,5
755,118,4
755,134,5
755,179,2
755,250,5
756,79,5
756,83,4
757,271,5
757,96,5
757,175,1
757,292,1
758,180,1
758,289,2
758,237,1
758,47,1
759,67,5
759,133,5
760,59,1
760,218,3
760,30,5
760,83,4
760,264,4
761,47,4
761,97,3
761,63,5
762,295,1
762,13,2
763,110,4
763,228,4
763,222,5
763,84,5
763,129,5
763,293,3
764,255,4
764,251,4
764,150,1
765,68,3
766,287,1
766,280,1
767,259,1
767,87,2
767,179,5
767,17,2
767,287,3
768,144,3
768,206,1
769,275,5
769,215,1
769,290,3
769,4,1
769,111,3
770,185,3
770,21,2
771,239,3
771,11,2
771,109,1
772,231,3
772,104,5
773,1,5
774,183,5
774,146,4
774,255,4
774,159,5
774,114,3
775,134,3
776,202,5
777,129,3
777,1,5
777,42,5
777,70,3
778,45,5
778,139,4
778,145,4
779,98,2
779,252,2
779,57,1
780,118,4
780,55,1
780,215,3
780,86,5
781,158,3
781,257,5
781,49,1
782,115,3
782,187,3
782,107,3
782,135,2
782,181,2
783,46,2
783,221,5
783,21,3
783,23,2
783,75,4
784,193,1
784,98,5
784,295,1
784,77,4
784,292,3
784,76,2
785,219,2
785,207,2
786,232,1
786,246,1
786,66,1
786,135,3
787,13,3
788,17,2
789,153,2
789,258,4
789,141,4
789,129,1
789,46,5
789,207,5
790,155,3
790,278,4
790,270,5
790,279,4
790,57,4
790,104,3
791,255,2
791,209,1
791,95,3
792,188,1
793,41,2
794,147,4
795,269,3
796,2,3
796,56,5
796,138,1
796,145,5
796,111,5
797,90,5
797,64,4
797,113,3
798,259,2
798,101,5
798,201,2
798,17,2
798,209,3
799,223,5
799,145,3
799,112,5
799,70,3
799,126,2
800,105,5
800,46,1
800,45,3
800,104,4
800,269,4
800,196,5
801,69,4
801,217,4
801,206,4
801,261,3
802,131,4
802,17,3
802,99,1
802,37,1
803,203,2
803,122,2
803,217,4
803,116,3
803,198,2
804,188,1
804,42,1
804,116,5
804,297,5
804,281,2
804,218,5
805,33,4
806,154,4
806,236,1
806,37,1
806,135,5
806,121,3
807,22,4
807,118,1
807,244,1
807,260,3
808,26,2
808,158,5
808,69,2
808,200,3
808,247,1
809,101,2
809,115,1
809,300,4
810,259,1
810,160,2
810,238,2
811,139,4
811,159,1
811,25,3
812,39,2
813,182,1
813,250,4
813,221,5
814,287,2
815,181,3
816,278,3
816,22,1
816,145,2
817,172,5
817,48,2
817,165,3
817,148,5
818,38,2
818,282,3
818,297,3
818,171,1
818,212,3
819,107,5
819,207,5
820,232,1
821,45,5
821,175,3
821,264,1
821,60,3
822,231,1
822,123,3
822,61,2
822,12,4
823,57,5
823,97,5
824,60,5
825,263,3
826,42,5
826,299,3
826,44,3
827,163,5
827,223,3
827,136,3
827,169,3
828,46,1
828,29,2
828,115,2
828,35,5
828,246,1
828,213,1
829,252,5
830,124,4
830,170,5
830,276,1
830,113,2
830,118,1
830,31,1
831,63,2
831,246,5
831,224,5
832,195,1
833,147,3
833,78,4
833,87,2
833,145,3
834,34,3
834,234,3
834,299,3
834,71,4
834,170,2
835,139,3
836,142,2
836,62,4
836,169,5
837,5,3
837,298,3
838,203,3
838,80,2
838,283,4
838,183,3
839,256,3
839,54,5
839,298,2
840,51,5
841,113,1
841,117,5
841,270,3
841,179,3
841,288,3
842,266,3
842,24,4
842,20,4
842,130,2
842,69,2
843,130,2
843,261,2
844,101,5
844,189,5
844,258,4
844,179,4
845,57,4
846,156,5
846,234,2
847,64,4
847,59,1
847,183,4
847,3,3
847,71,5
848,4,4
848,119,3
848,261,2
848,292,2
848,293,5
849,238,2
850,197,3
850,232,5
850,39,2
850,262,1
850,204,2
850,76,5
851,74,3
851,255,1
851,254,2
851,289,3
851,138,4
852,61,3
852,141,3
852,248,2
852,97,1
852,164,3
853,125,5
854,104,5
854,177,2
854,258,4
854,182,2
855,115,2
855,117,5
855,89,3
855,142,1
855,32,5
856,77,5
856,14,4
856,128,5
856,247,3
857,61,3
857,147,4
858,3,5
858,64,4
858,211,1
859,237,3
859,300,4
859,88,5
860,262,3
860,291,3
861,190,3
861,249,4
862,191,2
863,222,2
863,244,1
863,151,1
863,228,2
863,46,4
864,71,5
865,243,1
865,216,1
865,291,3
865,155,5
865,130,5
866,67,5
866,18,5
867,105,1
867,296,5
867,16,2
867,66,3
867,99,3
867,132,3
868,161,3
869,219,1
869,234,1
869,224,5
869,169,1
870,242,2
870,229,3
870,282,3
870,18,1
871,198,2
871,150,1
871,23,5
872,127,4
873,70,3
873,9,2
874,210,2
874,174,5
874,237,2
874,298,5
875,187,3
875,89,4
875,24,3
875,181,3
876,78,5
876,65,1
876,135,5
876,185,2
876,298,2
876,121,2
877,199,2
878,224,3
878,273,4
878,131,5
878,110,3
879,120,3
879,275,4
879,206,5
879,200,3
879,158,5
880,267,1
880,108,1
880,211,4
881,26,2
881,60,3
881,123,2
881,221,3
882,168,2
882,121,2
882,137,5
882,102,4
882,105,3
882,12,3
883,130,4
883,35,3
884,31,1
884,299,5
884,39,1
884,96,5
884,59,5
884,164,5
885,243,2
885,123,5
885,244,5
885,24,5
885,53,4
885,50,4
886,21,1
887,130,3
887,278,3
887,260,3
887,276,2
888,154,5
888,80,1
888,48,1
888,34,5
888,263,3
888,36,1
889,129,2
889,98,4
889,77,2
890,33,3
890,84,2
890,227,5
890,60,4
891,255,5
891,12,5
891,262,2
891,260,1
891,188,2
892,14,5
892,24,1
892,238,2
893,20,1
893,102,3
894,251,3
894,66,5
894,158,3
894,37,4
895,47,2
895,46,1
895,143,4
895,220,4
896,271,2
897,243,2
897,124,4
898,262,5
898,115,2
898,32,3
898,81,2
899,12,1
900,233,4
900,214,3
900,57,2
901,233,4
902,153,4
902,119,5
902,70,2
903,61,5
903,157,3
904,179,1
904,105,2
904,51,3
905,98,4
906,112,1
906,171,4
906,299,3
906,204,1
906,154,2
907,107,4
908,143,1
908,284,2
908,7,4
908,152,5
909,57,1
910,273,2
910,271,1
911,299,4
911,281,3
911,5,5
911,39,3
911,138,5
912,86,4
912,34,2
913,177,4
913,78,5
913,278,3
913,192,4
914,83,4
915,103,4
915,113,1
915,190,5
916,173,5
916,106,3
916,139,1
916,52,4
916,49,3
917,296,3
918,273,2
918,106,4
919,245,3
920,165,2
921,65,2
921,125,3
921,207,2
921,62,2
921,128,2
922,96,3
922,271,2
923,175,4
924,90,1
924,136,3
925,209,5
925,90,1
925,226,1
926,61,2
926,113,1
926,238,5
927,233,4
927,15,1
927,135,2
927,67,3
927,51,2
928,133,3
928,33,2
928,148,5
928,118,3
929,35,5
929,179,4
929,256,1
929,241,3
930,16,2
930,295,3
930,214,3
930,192,1
930,28,1
930,66,5
931,39,2
932,186,4
932,194,1
932,127,4
932,81,2
933,162,4
933,27,1
933,115,3
934,197,3
935,177,2
935,9,1
935,240,2
936,137,5
936,58,2
936,79,4
936,6,5
936,205,3
937,151,5
937,198,2
938,250,5
938,129,3
938,277,4
938,52,1
938,297,4
939,253,2
939,236,2
939,218,1
939,105,5
939,22,1
940,23,4
940,154,4
940,248,2
940,133,3
940,42,1
940,38,3
941,195,2
941,101,1
941,271,1
941,86,3
941,74,5
941,252,1
942,26,1
943,190,2
943,5,4
943,172,3
944,236,1
944,210,4
944,185,2
944,269,1
945,176,1
945,71,2
945,134,5
945,190,2
945,138,5
945,130,2
946,296,3
946,64,3
946,41,5
946,189,4
947,38,3
947,127,5
948,212,5
948,56,2
948,134,5
948,144,1
948,241,1
949,109,1
949,241,4
949,106,2
949,174,5
949,119,3
950,78,3
951,80,3
951,60,3
951,122,1
951,26,5
952,207,4
952,17,5
952,59,3
953,62,3
953,207,2
953,236,2
953,298,2
953,55,5
954,148,5
954,227,5
954,246,2
954,39,4
954,68,2
954,82,1
955,73,1
955,38,1
955,172,2
955,281,1
955,234,3
956,35,1
956,58,1
956,198,2
956,295,5
956,225,2
957,237,5
958,93,4
959,260,2
959,180,3
959,176,2
959,57,3
959,12,1
960,234,5
960,94,3
960,72,2
961,35,4
961,20,2
961,252,5
961,39,2
962,47,2
962,222,4
962,280,5
962,167,2
962,184,5
963,132,5
964,34,4
965,107,3
965,257,5
965,82,5
965,247,5
966,175,2
967,148,5
967,224,3
967,5,4
967,201,2
967,189,2
967,128,2
968,184,5
968,140,4
968,135,4
968,90,3
968,136,2
969,285,1
970,56,3
970,71,1
970,221,1
971,274,3
971,208,4
971,295,5
971,56,5
971,230,5
971,265,5
972,213,5
972,252,1
972,32,4
973,250,1
974,13,5
974,45,1
974,239,1
974,15,1
974,234,4
974,289,1
975,233,3
975,194,2
975,219,2
975,271,5
975,211,2
976,178,1
976,62,2
976,184,5
976,108,2
977,196,3
977,181,1
977,224,3
977,279,4
977,21,1
977,226,5
978,290,3
979,182,5
979,196,4
979,103,2
979,84,4
980,25,3
980,228,2
980,225,1
980,199,1
981,97,3
981,226,2
981,39,1
981,218,5
982,110,3
982,93,3
982,277,4
982,225,5
982,9,1
983,61,2
984,62,2
984,72,2
984,262,3
984,106,1
985,62,1
985,133,3
985,285,4
985,169,4
985,257,3
985,172,3
986,219,1
986,229,1
987,3,5
987,242,5
987,147,4
987,219,5
988,258,2
988,23,5
988,89,4
988,32,3
989,117,5
990,132,5
990,45,3
990,293,1
991,170,3
991,192,1
991,29,4
992,29,4
992,264,4
993,84,3
993,210,2
993,76,4
994,33,1
994,232,4
994,163,5
995,24,4
996,134,4
996,199,4
996,196,1
996,176,2
997,74,1
997,1,5
997,206,4
997,216,4
998,255,1
998,26,2
998,258,5
998,288,3
998,99,2
999,269,2
999,216,5
1000,181,5
1000,231,2
1000,67,1
1000,180,1
1000,202,4
1001,36,1
1001,249,2
1002,36,3
1002,102,1
1002,173,5
1002,3,1
1003,258,1
1003,48,2
1003,277,2
1004,165,5
1004,177,2
1004,269,5
1004,231,3
1004,127,3
1005,231,3
1005,75,3
1005,257,5
1005,117,3
1005,282,2
1006,116,5
1006,119,3
1006,177,3
1006,191,2
1006,282,5
1006,232,1
1007,107,2
1007,15,4
1007,30,4
1007,126,1
1007,166,4
1007,212,5
1008,145,2
1008,160,3
1008,212,3
1008,265,2
1009,240,3
1009,74,2
1009,77,1
1009,236,3
1009,204,1
1009,119,3
1010,16,3
1010,39,2
1011,139,3
1011,151,4
1011,68,2
1012,148,2
1012,282,1
1012,247,4
1012,239,4
1013,159,4
1014,30,2
1014,157,5
1014,16,3
1014,88,4
1015,280,5
1015,240,3
1015,300,1
1015,33,5
1015,202,3
1015,273,3
1016,128,3
1016,219,4
1016,278,1
1016,268,3
1017,64,4
1017,136,1
1017,163,1
1018,89,5
1018,29,4
1018,228,4
1019,181,3
1019,50,3
1019,113,2
1019,72,5
1020,23,3
1020,273,1
1020,168,1
1021,184,3
1021,186,2
1021,157,5
1021,131,5
1021,258,5
1021,90,4
1022,288,1
1022,103,5
1022,159,5
1022,286,1
1022,154,5
1023,14,5
1023,86,5
1024,59,5
1024,47,2
1025,259,3
1025,12,3
1025,158,3
1026,257,1
1026,10,2
1026,125,3
1026,187,3
1027,187,1
1027,60,5
1027,280,5
1028,39,5
1028,288,3
1028,12,2
1028,49,1
1029,103,4
1029,49,2
1029,238,2
1029,167,4
1030,85,5
1030,129,2
1030,6,5
1031,208,4
1031,114,5
1031,221,1
1031,18,2
1032,74,3
1032,47,5
1032,130,1
1032,246,1
1032,299,2
1033,42,1
1034,113,5
1034,219,1
1034,70,5
1034,129,2
1034,9,2
1034,265,5
1035,17,2
1035,165,2
1035,53,1
1035,280,4
1035,90,2
1035,13,1
1036,224,4
1036,186,3
1036,271,5
1036,86,3
1037,46,4
1037,53,1
1038,146,5
1039,97,3
1039,169,5
1039,81,1
1039,250,1
1039,103,3
1040,188,3
1040,278,4
1040,9,4
1041,5,5
1042,300,1
1042,231,4
1042,169,2
1042,177,3
1042,122,4
1042,171,2
1043,231,1
1043,95,5
1043,33,5
1043,177,3
1043,11,2
1044,76,2
1044,140,4
1045,224,4
1045,21,3
1046,109,1
1046,175,5
1046,36,5
1046,165,4
1047,126,4
1047,64,3
1047,63,4
1047,204,3
1047,155,2
1048,234,2
1048,150,3
1048,165,5
1049,235,3
1049,24,4
1049,200,5
1049,49,3
1050,38,4
1050,155,3
1050,15,4
1051,234,5
1051,276,2
1051,272,5
1052,135,5
1052,223,2
1053,154,3
1054,154,4
1054,57,4
1054,170,4
1055,45,1
1055,84,1
1055,164,3
1055,227,2
1055,178,1
1055,242,5
1056,175,3
1056,31,4
1057,30,3
1058,104,3
1058,257,4
1059,191,3
1060,171,1
1061,101,3
1061,156,5
1061,97,4
1061,8,3
1061,136,1
1062,158,2
1062,73,2
1062,150,3
1062,79,2
1062,10,2
1063,154,2
1064,158,1
1064,252,1
1064,232,2
1064,161,2
1064,213,3
1065,124,3
1065,268,2
1066,33,5
1066,154,2
1066,193,3
1066,201,4
1066,106,5
1067,126,5
1067,159,1
1067,16,2
1067,9,5
1068,222,5
1069,248,3
1069,273,2
1069,256,3
1069,89,4
1069,74,5
1070,95,2
1070,288,1
1070,148,5
1071,57,2
1071,69,4
1071,132,2
1071,184,3
1072,206,1
1072,227,3
1072,228,5
1073,283,5
1073,117,3
1073,75,4
1073,36,3
1074,49,3
1074,279,2
1074,111,5
1075,110,3
1075,45,3
1075,32,2
1075,124,5
1075,91,2
1076,127,5
1077,268,3
1077,8,3
1077,196,2
1077,143,4
1077,24,4
1078,63,3
1078,210,1
1078,58,2
1079,295,5
1079,293,5
1079,122,2
1079,152,4
1079,47,4
1080,251,5
1080,25,2
1080,248,5
1081,273,4
1081,173,3
1081,150,2
1081,229,3
1081,234,3
1081,35,5
1082,91,4
1082,180,3
1082,56,3
1082,15,2
1082,210,4
1082,47,1
1083,107,4
1083,179,4
1083,219,5
1083,123,1
1084,281,1
1084,8,3
1084,21,1
1084,137,5
1084,192,2
1085,13,1
1085,212,2
1085,204,4
1086,192,5
1087,136,3
1087,243,4
1087,236,2
1087,111,1
1087,201,4
1088,151,3
1088,99,2
1088,297,3
1088,3,4
1088,110,1
1088,150,5
1089,96,5
1089,197,4
1089,227,1
1089,280,5
1090,100,3
1090,230,2
1090,300,2
1090,168,3
1090,29,1
1091,110,3
1091,259,1
1092,29,1
1092,268,1
1092,10,5
1093,118,5
1093,288,5
1093,21,5
1093,120,3
1094,60,3
1095,282,2
1095,17,2
1095,88,2
1095,132,1
1095,278,1
1096,72,4
1096,10,4
1096,30,3
1096,102,3
1097,166,2
1097,61,4
1097,204,3
1097,147,1
1098,220,4
1098,11,4
1098,186,1
1099,267,4
1099,116,2
1100,104,4
1100,37,5
1100,246,1
1100,150,2
1100,93,2
1100,156,2
1101,11,2
1101,221,2
1101,153,3
1101,48,1
1102,71,3
1103,68,5
1103,64,3
1104,257,2
1104,72,4
1105,159,1
1105,30,5
1106,32,4
1106,82,2
1106,46,2
1107,274,5
1107,71,5
1108,7,5
1109,152,3
1109,145,4
1109,161,1
1109,206,3
1109,20,2
1109,69,1
1110,161,4
1110,149,3
1110,92,3
1110,148,4
1110,274,4
1110,159,3
1111,45,5
1111,137,5
1111,47,3
1111,190,4
1111,218,1
1112,182,1
1112,36,2
1112,196,3
1113,155,2
1113,174,2
1113,246,4
1113,131,2
1113,271,5
1114,64,2
1114,287,4
1114,108,1
1115,281,5
1115,295,2
1115,159,3
1115,278,3
1115,125,4
1116,293,2
1116,20,5
1116,61,2
1117,12,3
1117,180,5
1118,2,5
1118,253,4
1119,198,4
1119,258,4
1119,296,3
1119,256,5
1119,181,3
1119,190,1
1120,57,5
1120,2,4
1120,90,3
1120,92,5
1121,200,3
1121,132,5
1121,286,5
1121,13,3
1121,146,3
1122,167,2
1122,159,1
1123,255,2
1123,190,4
1124,104,5
1125,291,4
1125,69,5
1125,58,3
1125,57,2
1125,151,3
1126,249,3
1126,98,4
1126,46,2
1126,57,2
1126,282,2
1127,134,3
1127,98,3
1127,296,3
1127,204,4
1128,186,3
1128,141,2
1128,283,3
1128,85,2
1128,280,5
1128,265,3
1129,60,1
1129,132,1
1129,210,5
1130,33,3
1130,206,3
1131,279,1
1131,84,3
1132,41,5
1132,83,5
1132,145,5
1132,33,5
1132,116,3
1132,23,1
1133,263,3
1133,4,2
1134,271,2
1134,225,3
1135,223,1
1135,65,1
1136,143,4
1137,125,4
1137,129,2
1137,42,3
1138,34,1
1138,7,1
1138,25,3
1138,284,5
1139,118,3
1139,102,5
1139,89,5
1139,232,5
1140,161,5
1140,104,1
1140,232,5
1140,243,5
1141,171,1
1142,156,2
1142,286,2
1142,186,1
1142,68,3
1142,199,3
1143,2,2
1143,252,2
1144,295,5
1144,221,3
1144,100,5
1144,102,4
1145,231,2
1145,217,4
1145,212,3
1145,184,1
1146,37,1
1146,158,4
1146,282,5
1146,225,1
1147,230,2
1147,299,1
1147,155,2
1147,163,4
1147,289,5
1148,3,1
1148,279,5
1149,48,2
1149,255,2
1149,182,4
1149,77,3
1149,91,2
1150,244,2
1150,143,1
1150,90,2
1150,49,3
1151,84,5
1152,246,4
1152,225,2
1152,104,3
1152,185,3
1152,167,1
1152,226,3
1153,183,5
1153,69,5
1153,214,3
1153,78,5
1154,24,1
1155,165,2
1155,225,4
1156,261,1
1156,93,3
1156,20,2
1156,96,4
1156,19,4
1157,150,4
1157,114,2
1157,128,1
1158,104,3
1158,55,1
1158,148,2
1158,288,5
1158,177,3
1159,185,2
1159,106,3
1159,115,5
1159,34,3
1159,183,2
1159,58,3
1160,266,4
1160,4,3
1160,239,2
1161,26,5
1161,126,2
1161,286,2
1161,7,1
1161,86,3
1162,232,4
1162,105,1
1162,204,1
1163,262,1
1163,251,2
1163,260,1
1163,45,3
1164,291,1
1164,79,1
1164,257,5
1164,282,4
1165,197,1
1165,277,3
1165,10,3
1165,188,5
1165,102,1
1166,73,3
1166,224,1
1166,241,5
1166,76,5
1166,297,2
1167,284,3
1167,6,2
1167,36,3
1167,55,1
1168,232,5
1168,187,3
1168,76,4
1168,116,5
1169,180,4
1170,137,3
1171,153,1
1171,15,4
1171,266,5
1171,50,3
1172,198,1
1173,249,3
1173,127,1
1174,26,2
1174,50,3
1174,49,4
1175,113,3
1175,239,1
1175,66,1
1176,105,4
1176,89,5
1176,156,3
1176,196,4
1177,124,1
1177,206,4
1177,194,4
1178,248,1
1178,83,2
1178,73,1
1178,24,4
1178,210,1
1178,132,3
1179,135,5
1179,52,5
1180,185,4
1180,39,5
1181,135,5
1182,249,5
1182,297,3
1182,257,2
1182,225,1
1182,156,4
1183,57,4
1183,36,3
1183,257,3
1183,231,4
1183,49,3
1183,116,2
1184,264,4
1184,113,1
1184,242,5
1184,8,2
1184,61,2
1185,297,4
1185,106,2
1185,255,5
1186,13,4
1186,160,4
1187,286,4
1187,160,1
1187,17,1
1188,244,3
1188,279,3
1189,2,2
1189,17,1
1189,271,5
1190,182,1
1190,293,1
1191,266,4
1191,108,5
1192,276,1
1192,10,3
1192,243,1
1192,199,2
1193,81,4
1193,98,2
1193,87,5
1194,237,4
1194,42,1
1194,290,4
1194,272,2
1194,70,4
1194,224,2
1195,151,4
1195,48,3
1195,287,1
1196,22,5
1197,232,2
1197,159,3
1198,295,4
1198,300,2
1198,257,4
1199,283,2
1200,202,5
1200,287,3
1200,6,4
1200,28,2
1200,19,5
